user_id,first_name,last_name,email,gender,ip_address
1,Kim,Saltman,ksaltman0@mlb.com,Female,177.38.222.225
2,Waldo,Ducker,wducker1@newyorker.com,Male,117.68.143.132
3,Iona,Sabater,isabater2@ft.com,Female,233.154.142.64
4,Kelly,Hawyes,khawyes3@rediff.com,Male,121.243.56.88
5,Dulciana,Foxley,dfoxley4@irs.gov,Female,140.138.88.205
6,Monti,Dryden,mdryden5@dailymotion.com,Genderfluid,59.230.189.110
7,Hersch,Nind,hnind6@networksolutions.com,Male,254.181.254.158
8,Renard,Scheffel,rscheffel7@elegantthemes.com,Male,48.115.25.158
9,Asa,Croydon,acroydon8@mit.edu,Male,83.77.36.108
10,Mace,Olekhov,molekhov9@patch.com,Genderfluid,74.185.165.15
11,Annaliese,Babin,ababina@aboutads.info,Female,57.5.157.180
12,Berty,Buckhurst,bbuckhurstb@deviantart.com,Male,119.136.244.140
13,Sacha,McCorrie,smccorriec@gnu.org,Female,75.79.181.210
14,Sofie,Gianullo,sgianullod@hexun.com,Female,221.249.110.30
15,Josh,Point,jpointe@msu.edu,Male,90.139.232.156
16,Mamie,Stonham,mstonhamf@gravatar.com,Female,132.116.115.21
17,Jordan,Gullam,jgullamg@de.vu,Bigender,179.43.114.128
18,Valaria,Linnemann,vlinnemannh@google.fr,Female,122.100.58.172
19,Bern,Georges,bgeorgesi@unesco.org,Male,110.89.229.94
20,Evyn,Lipman,elipmanj@google.cn,Male,126.162.140.26
21,Laraine,Beers,lbeersk@addtoany.com,Female,253.27.175.243
22,Dimitry,Plak,dplakl@freewebs.com,Male,56.198.142.4
23,Randolf,Blagden,rblagdenm@ycombinator.com,Male,100.143.185.106
24,Audrey,Klaggeman,aklaggemann@aol.com,Female,171.94.65.86
25,Emmit,Sirett,esiretto@forbes.com,Male,183.144.199.253
26,Ermin,Scurrey,escurreyp@wired.com,Male,235.192.107.193
27,Franny,Barten,fbartenq@google.de,Female,95.203.127.108
28,Bren,Butterfint,bbutterfintr@chronoengine.com,Genderfluid,173.182.179.237
29,Emma,Speechley,espeechleys@paypal.com,Female,76.162.38.245
30,Lemar,Scurrey,lscurreyt@mac.com,Male,140.160.96.11
31,Marlon,Trembley,mtrembleyu@addtoany.com,Male,155.218.152.138
32,Pierre,Pancoast,ppancoastv@google.de,Male,87.11.221.60
33,Bev,McMillan,bmcmillanw@creativecommons.org,Male,64.63.110.115
34,Sloan,Galsworthy,sgalsworthyx@blinklist.com,Male,38.255.83.244
35,Boycey,Esby,besbyy@utexas.edu,Male,38.57.40.186
36,Nickey,Claridge,nclaridgez@mail.ru,Non-binary,245.210.228.82
37,Kylen,Maving,kmaving10@usda.gov,Female,203.57.143.127
38,Cele,Kendal,ckendal11@feedburner.com,Female,177.29.99.135
39,Dannie,Flello,dflello12@plala.or.jp,Female,30.201.207.84
40,Livvyy,Arbuckel,larbuckel13@squidoo.com,Female,114.169.161.211
41,Packston,Sottell,psottell14@auda.org.au,Male,107.162.46.196
42,Steffen,Fromont,sfromont15@woothemes.com,Male,77.50.164.248
43,Davide,Pandey,dpandey16@nasa.gov,Male,184.171.48.155
44,Callie,Dilliway,cdilliway17@myspace.com,Bigender,162.10.78.234
45,Jose,Ewence,jewence18@reference.com,Male,229.25.44.132
46,Salvatore,Riveles,sriveles19@unc.edu,Male,239.18.252.29
47,Stephannie,Wint,swint1a@huffingtonpost.com,Genderfluid,127.25.211.62
48,Aviva,Mingotti,amingotti1b@cloudflare.com,Agender,224.97.194.116
49,Verine,Giraudoux,vgiraudoux1c@alibaba.com,Female,42.225.222.245
50,Hagan,Stares,hstares1d@google.co.jp,Male,84.159.255.97
51,Rosalyn,Canon,rcanon1e@about.com,Female,78.202.97.92
52,Gustavus,Elles,gelles1f@engadget.com,Male,163.199.151.161
53,Cynthea,Seignior,cseignior1g@ifeng.com,Female,141.245.39.44
54,Wait,Trorey,wtrorey1h@unesco.org,Male,181.100.203.65
55,Charlean,Jeffray,cjeffray1i@goodreads.com,Female,3.236.225.192
56,Harley,Duddridge,hduddridge1j@e-recht24.de,Male,90.159.240.235
57,Sherlocke,Arnley,sarnley1k@meetup.com,Male,7.204.20.196
58,Pavel,Posner,pposner1l@reuters.com,Male,141.254.108.9
59,Klarika,Dibbs,kdibbs1m@de.vu,Female,44.158.197.250
60,Guntar,Tetley,gtetley1n@4shared.com,Male,65.150.187.51
61,Cari,Lockett,clockett1o@hao123.com,Female,106.255.41.90
62,Finley,Kingsmill,fkingsmill1p@parallels.com,Male,152.179.192.22
63,Aila,Eatttok,aeatttok1q@utexas.edu,Female,65.165.192.114
64,Lorrie,Conkay,lconkay1r@illinois.edu,Male,207.18.231.8
65,Cornie,Fellona,cfellona1s@hugedomains.com,Female,209.109.212.23
66,Dode,Dikles,ddikles1t@slashdot.org,Female,124.134.88.67
67,Allistir,Surgood,asurgood1u@mediafire.com,Male,195.95.213.99
68,Chicky,Tocqueville,ctocqueville1v@engadget.com,Genderqueer,205.112.114.250
69,Aurlie,Sallarie,asallarie1w@livejournal.com,Female,82.146.124.89
70,Adina,Haryngton,aharyngton1x@twitter.com,Non-binary,47.192.97.232
71,Tann,Somerton,tsomerton1y@ycombinator.com,Male,66.236.226.11
72,Gasparo,MacLennan,gmaclennan1z@apache.org,Male,203.43.184.161
73,Waldo,McIlraith,wmcilraith20@theatlantic.com,Male,48.24.35.237
74,Aaren,Bernetti,abernetti21@ihg.com,Female,204.6.93.120
75,Travus,O'Dougherty,todougherty22@examiner.com,Male,5.20.246.15
76,Wayne,Brason,wbrason23@jiathis.com,Male,117.213.239.188
77,Rouvin,Shovlin,rshovlin24@wsj.com,Agender,22.215.93.119
78,Eddy,Gunton,egunton25@illinois.edu,Agender,9.102.33.60
79,Aeriell,MacPhail,amacphail26@prlog.org,Female,39.251.59.172
80,Hailee,Weatherby,hweatherby27@g.co,Female,82.196.136.33
81,Donnajean,Belison,dbelison28@chronoengine.com,Female,33.243.7.89
82,Rory,Osban,rosban29@amazonaws.com,Male,70.74.240.244
83,Giles,Glanester,gglanester2a@yolasite.com,Male,88.245.56.119
84,Emlyn,Matkin,ematkin2b@imgur.com,Polygender,201.75.77.119
85,Nomi,Fursse,nfursse2c@goo.ne.jp,Female,173.36.25.232
86,Sammy,Andersen,sandersen2d@hao123.com,Male,209.82.164.27
87,Carmencita,Vallantine,cvallantine2e@cnbc.com,Female,151.215.174.20
88,Maiga,Chotty,mchotty2f@yellowpages.com,Female,35.209.128.157
89,Francine,Roz,froz2g@ehow.com,Female,161.85.169.197
90,Bendick,Hulstrom,bhulstrom2h@tmall.com,Male,64.190.151.191
91,Archibaldo,Stopforth,astopforth2i@dion.ne.jp,Male,69.45.58.64
92,Matthew,Peniman,mpeniman2j@wordpress.com,Male,124.38.154.160
93,Lyssa,Fearnyhough,lfearnyhough2k@mail.ru,Female,140.162.229.213
94,Hugues,Balwin,hbalwin2l@apache.org,Male,170.150.203.243
95,Desiri,Thirsk,dthirsk2m@miitbeian.gov.cn,Female,115.94.64.150
96,Salomi,Monahan,smonahan2n@aol.com,Female,157.131.121.159
97,Calida,Twidale,ctwidale2o@printfriendly.com,Female,217.39.133.142
98,Kerwin,Douch,kdouch2p@vimeo.com,Agender,155.216.93.209
99,Benjie,Grimster,bgrimster2q@yahoo.com,Male,249.192.102.75
100,Patti,Simenet,psimenet2r@earthlink.net,Female,171.26.213.33
101,Rogerio,Barradell,rbarradell2s@ox.ac.uk,Male,150.50.11.34
102,Lock,Gladyer,lgladyer2t@so-net.ne.jp,Male,213.105.3.110
103,Rudiger,Gilstoun,rgilstoun2u@webnode.com,Male,40.250.136.113
104,Joseito,Armin,jarmin2v@senate.gov,Male,24.248.156.210
105,Meir,Branscomb,mbranscomb2w@ucsd.edu,Male,172.223.186.92
106,Meredith,Moorton,mmoorton2x@artisteer.com,Male,130.171.146.188
107,Raina,Antonoyev,rantonoyev2y@redcross.org,Female,20.242.183.65
108,Rainer,Batterson,rbatterson2z@yolasite.com,Male,69.222.203.30
109,Si,Divine,sdivine30@usa.gov,Male,30.226.88.198
110,Marjorie,Hambelton,mhambelton31@shutterfly.com,Female,16.28.156.8
111,Geralda,Bayly,gbayly32@businesswire.com,Female,129.60.80.130
112,Booth,Harriss,bharriss33@technorati.com,Male,206.81.200.172
113,Kincaid,Cayle,kcayle34@lulu.com,Male,241.101.20.183
114,Nicki,McArtan,nmcartan35@nymag.com,Female,160.210.110.232
115,Julian,MacKessock,jmackessock36@ycombinator.com,Male,16.70.108.236
116,Vivyan,Ralphs,vralphs37@webeden.co.uk,Female,214.178.193.8
117,Jacinthe,Whittlesee,jwhittlesee38@wikimedia.org,Genderfluid,3.5.239.105
118,Sergio,Kindell,skindell39@craigslist.org,Male,24.100.69.235
119,Pietrek,Ormistone,pormistone3a@linkedin.com,Bigender,37.242.229.91
120,Terra,Leyes,tleyes3b@youtu.be,Female,25.171.65.227
121,Keir,Saveall,ksaveall3c@sogou.com,Male,238.29.104.99
122,Burk,Coad,bcoad3d@wp.com,Male,57.73.222.215
123,Mariya,MacGovern,mmacgovern3e@quantcast.com,Female,70.178.57.126
124,Sherline,Bezants,sbezants3f@vistaprint.com,Non-binary,43.143.104.54
125,Charissa,Pedlow,cpedlow3g@amazon.com,Female,243.254.99.27
126,Ulises,Muckersie,umuckersie3h@yellowbook.com,Male,142.239.137.95
127,Dorothea,Giacubo,dgiacubo3i@webs.com,Female,20.199.249.232
128,Barbey,Lazenbury,blazenbury3j@miibeian.gov.cn,Female,166.45.128.94
129,Sarina,Menezes,smenezes3k@admin.ch,Female,10.32.220.163
130,Tonie,Shireff,tshireff3l@cam.ac.uk,Female,86.133.181.46
131,Kim,Frugier,kfrugier3m@instagram.com,Male,101.167.196.231
132,Sammy,Franzotto,sfranzotto3n@biblegateway.com,Female,173.168.212.6
133,Ainslie,Kubala,akubala3o@flickr.com,Female,226.89.57.16
134,Anthe,Degoix,adegoix3p@oaic.gov.au,Female,77.163.1.215
135,Vikky,Hadland,vhadland3q@examiner.com,Bigender,240.139.18.188
136,Clemmy,Ivons,civons3r@archive.org,Male,37.99.52.13
137,Roxy,Godilington,rgodilington3s@examiner.com,Female,193.182.241.5
138,Dur,Ramet,dramet3t@vkontakte.ru,Male,222.199.234.216
139,Dru,Rolf,drolf3u@hibu.com,Male,45.49.133.157
140,Serge,Luther,sluther3v@about.com,Male,217.138.69.251
141,Tobie,Ajean,tajean3w@uiuc.edu,Male,131.12.201.213
142,Cort,Mc Trusty,cmctrusty3x@elpais.com,Polygender,52.64.65.220
143,Ariel,Glassford,aglassford3y@time.com,Female,96.63.19.204
144,Christophe,Metzing,cmetzing3z@netscape.com,Male,109.61.171.153
145,Wernher,Boig,wboig40@discovery.com,Male,63.9.48.3
146,Boyd,Nurny,bnurny41@1688.com,Male,100.164.85.250
147,Cazzie,Canadas,ccanadas42@qq.com,Male,90.220.106.240
148,Babs,Pomroy,bpomroy43@pen.io,Female,188.77.26.247
149,Daron,Stummeyer,dstummeyer44@hostgator.com,Male,72.11.59.31
150,Michele,Shapera,mshapera45@issuu.com,Male,175.1.145.160
151,Katharine,Freak,kfreak46@paypal.com,Female,49.195.6.70
152,Juieta,Fruchter,jfruchter47@google.com.hk,Female,253.104.180.242
153,Mercy,Brute,mbrute48@purevolume.com,Female,122.73.137.24
154,Pru,Espie,pespie49@1und1.de,Female,14.120.215.38
155,Hortensia,Shalloo,hshalloo4a@nytimes.com,Female,46.30.180.241
156,Hakeem,Dunmuir,hdunmuir4b@biblegateway.com,Polygender,8.123.132.38
157,Kasper,Ugo,kugo4c@tinypic.com,Male,158.55.199.163
158,Yardley,Milborn,ymilborn4d@twitpic.com,Male,205.66.146.215
159,Trescha,Antonov,tantonov4e@patch.com,Female,120.229.147.203
160,Binny,Teresia,bteresia4f@bing.com,Female,39.11.187.119
161,Dilly,MacCallum,dmaccallum4g@wikispaces.com,Male,79.240.185.233
162,Arlen,Ratazzi,aratazzi4h@theguardian.com,Female,220.164.109.160
163,Fitz,Maudlen,fmaudlen4i@mac.com,Male,206.117.135.175
164,Burr,Wyard,bwyard4j@telegraph.co.uk,Male,145.102.157.182
165,Drusy,Botterman,dbotterman4k@w3.org,Female,123.62.196.153
166,Felike,Iannelli,fiannelli4l@godaddy.com,Male,108.50.54.100
167,Esteban,Nuttey,enuttey4m@pagesperso-orange.fr,Male,244.226.199.134
168,Carmencita,Gleader,cgleader4n@whitehouse.gov,Female,121.234.38.199
169,Joe,Tremberth,jtremberth4o@mayoclinic.com,Male,93.108.33.209
170,Rob,McKibben,rmckibben4p@bbc.co.uk,Male,67.242.56.216
171,Gilles,Mc Gorley,gmcgorley4q@technorati.com,Male,145.213.151.186
172,Lenci,Geldert,lgeldert4r@bbc.co.uk,Male,147.133.178.54
173,Nicolea,Giacomi,ngiacomi4s@reference.com,Female,38.113.171.105
174,Tildie,Workes,tworkes4t@usnews.com,Female,13.110.3.207
175,Idalina,Barlas,ibarlas4u@ucsd.edu,Female,109.104.162.204
176,Annabela,Leverage,aleverage4v@unicef.org,Female,86.71.99.66
177,Ginelle,McMorran,gmcmorran4w@people.com.cn,Female,107.206.14.195
178,Morly,Livingston,mlivingston4x@cnbc.com,Male,22.82.86.56
179,Towney,Myrie,tmyrie4y@sogou.com,Male,69.19.24.90
180,Stephenie,Glaum,sglaum4z@de.vu,Genderfluid,29.235.201.48
181,Fey,Beggan,fbeggan50@friendfeed.com,Female,247.191.148.63
182,Roseanne,Skentelbury,rskentelbury51@yellowpages.com,Female,212.179.198.97
183,Thalia,Frentz,tfrentz52@google.com.hk,Female,152.140.132.157
184,Agathe,Gobbett,agobbett53@google.com.hk,Female,75.68.75.19
185,Samara,Kennifick,skennifick54@360.cn,Female,133.46.188.68
186,Lil,Obal,lobal55@opera.com,Female,31.251.5.250
187,Louisette,Barton,lbarton56@acquirethisname.com,Female,223.215.191.88
188,Omero,Proger,oproger57@buzzfeed.com,Male,173.6.109.39
189,Wolfgang,Lonnon,wlonnon58@bizjournals.com,Male,125.119.52.2
190,Massimo,Bastistini,mbastistini59@ow.ly,Male,189.31.249.217
191,Anett,Gartrell,agartrell5a@mediafire.com,Female,143.29.75.241
192,Haydon,Wooff,hwooff5b@marketwatch.com,Male,196.222.17.3
193,Benyamin,Baber,bbaber5c@creativecommons.org,Male,56.71.172.51
194,Damian,Garth,dgarth5d@yolasite.com,Male,208.212.180.112
195,Isabeau,Manson,imanson5e@dell.com,Female,100.163.5.40
196,Cleavland,Trebbett,ctrebbett5f@ask.com,Genderfluid,170.26.90.171
197,Ancell,Lavies,alavies5g@sourceforge.net,Male,251.99.28.171
198,Madelene,Pavluk,mpavluk5h@msu.edu,Female,120.197.238.131
199,Lucio,Rolstone,lrolstone5i@over-blog.com,Male,96.96.23.110
200,Sophey,Phlipon,sphlipon5j@soundcloud.com,Female,11.7.128.246
201,Winifred,Smallbone,wsmallbone5k@squidoo.com,Female,235.203.179.205
202,Deidre,Piggin,dpiggin5l@thetimes.co.uk,Female,9.100.196.133
203,Odell,Adamovsky,oadamovsky5m@addtoany.com,Male,7.77.238.84
204,Payton,Thorne,pthorne5n@omniture.com,Male,149.245.157.190
205,Latrena,Kadar,lkadar5o@dropbox.com,Female,51.151.217.108
206,Belia,Petyakov,bpetyakov5p@amazonaws.com,Female,56.87.226.3
207,Donella,Wilfinger,dwilfinger5q@time.com,Non-binary,60.158.168.59
208,Carla,Girdler,cgirdler5r@wikispaces.com,Female,35.135.115.101
209,Milt,Onthank,monthank5s@mit.edu,Male,39.124.253.69
210,Ramsey,Pigrome,rpigrome5t@wsj.com,Male,178.125.180.96
211,Papageno,Linklet,plinklet5u@spiegel.de,Male,155.143.120.223
212,Eula,Novichenko,enovichenko5v@webeden.co.uk,Polygender,221.192.163.203
213,Hurlee,Elsley,helsley5w@discuz.net,Male,135.150.37.112
214,Anastassia,Clementucci,aclementucci5x@mac.com,Female,227.191.171.23
215,Aili,O'Day,aoday5y@sitemeter.com,Female,62.29.57.43
216,Val,Witchell,vwitchell5z@dmoz.org,Male,252.127.201.60
217,Homerus,Nevinson,hnevinson60@usatoday.com,Male,210.122.29.49
218,Lorne,Andrioni,landrioni61@hubpages.com,Male,20.148.56.155
219,Theodora,Claessens,tclaessens62@slideshare.net,Female,158.60.79.68
220,Thedric,Rainsdon,trainsdon63@usatoday.com,Male,95.98.146.190
221,Eadie,Stopher,estopher64@chron.com,Female,223.115.24.117
222,Martita,MacAlester,mmacalester65@answers.com,Female,43.169.54.237
223,Pat,Poyntz,ppoyntz66@ft.com,Female,205.148.43.175
224,Filmore,Rye,frye67@springer.com,Male,81.207.216.239
225,Lissi,Repp,lrepp68@xing.com,Female,5.94.247.52
226,Zachariah,Hawkins,zhawkins69@earthlink.net,Male,71.88.63.174
227,Janelle,Toppin,jtoppin6a@163.com,Female,124.189.109.105
228,Lucienne,Kobierra,lkobierra6b@springer.com,Female,33.153.157.237
229,Phylys,Dobell,pdobell6c@jiathis.com,Female,255.17.185.164
230,Lazar,Jerschke,ljerschke6d@fotki.com,Polygender,9.76.252.38
231,Walsh,Jurs,wjurs6e@mail.ru,Male,165.113.121.126
232,Jacquenette,Horche,jhorche6f@weibo.com,Female,59.42.36.42
233,Corabella,Meineken,cmeineken6g@xrea.com,Female,6.136.34.239
234,Tobie,MacKartan,tmackartan6h@wunderground.com,Male,0.71.98.190
235,Cherish,Chaters,cchaters6i@wikispaces.com,Female,222.165.12.80
236,Rhoda,Longden,rlongden6j@odnoklassniki.ru,Female,182.129.154.42
237,Walton,Measor,wmeasor6k@tinypic.com,Male,51.206.190.52
238,Waldon,Lindenblatt,wlindenblatt6l@de.vu,Male,236.45.184.100
239,Jasen,Elman,jelman6m@techcrunch.com,Non-binary,226.255.151.227
240,Vere,Hehnke,vhehnke6n@bizjournals.com,Female,84.163.71.61
241,Reagan,Olivella,rolivella6o@yelp.com,Male,80.21.214.14
242,Elwira,Blackley,eblackley6p@elegantthemes.com,Female,97.184.215.202
243,Jefferson,Finnick,jfinnick6q@sun.com,Bigender,67.177.47.77
244,Donni,Srawley,dsrawley6r@si.edu,Female,89.227.58.123
245,Colas,Rubroe,crubroe6s@desdev.cn,Male,55.209.238.49
246,Jaquelyn,Macak,jmacak6t@macromedia.com,Female,220.133.23.113
247,Lesly,Woltering,lwoltering6u@earthlink.net,Female,193.249.45.47
248,Allix,Cordelle,acordelle6v@symantec.com,Female,186.205.222.57
249,Conchita,Smead,csmead6w@friendfeed.com,Female,116.21.128.188
250,Cherri,Balderston,cbalderston6x@pinterest.com,Female,112.185.137.33
251,Alon,Burgon,aburgon6y@ca.gov,Male,168.188.226.204
252,Malchy,Shaughnessy,mshaughnessy6z@huffingtonpost.com,Male,186.152.193.143
253,Kris,Killoran,kkilloran70@hp.com,Male,80.173.238.240
254,Danny,Dowsey,ddowsey71@dion.ne.jp,Female,199.63.124.143
255,Dionisio,Phillcox,dphillcox72@youku.com,Male,252.248.214.177
256,Birdie,Inkpin,binkpin73@ucsd.edu,Female,252.23.10.78
257,Itch,Antalffy,iantalffy74@bbc.co.uk,Male,4.156.135.239
258,Merola,Holligan,mholligan75@reference.com,Female,125.170.168.156
259,Norry,de Cullip,ndecullip76@chronoengine.com,Female,37.179.208.32
260,Clair,Dripp,cdripp77@washington.edu,Non-binary,109.61.35.130
261,Axel,Huckstepp,ahuckstepp78@clickbank.net,Male,229.182.137.197
262,Mellicent,Gounel,mgounel79@artisteer.com,Female,168.219.12.21
263,Chance,Biasioli,cbiasioli7a@over-blog.com,Male,58.128.10.246
264,Nomi,MacAindreis,nmacaindreis7b@opensource.org,Female,115.171.102.136
265,Lorilee,Bapty,lbapty7c@domainmarket.com,Female,211.184.159.16
266,Zolly,Studart,zstudart7d@instagram.com,Male,5.44.141.229
267,Kaylil,Curds,kcurds7e@ftc.gov,Female,39.82.235.106
268,Nickolas,Brighty,nbrighty7f@mail.ru,Male,50.62.189.163
269,Kathryn,Fasse,kfasse7g@squarespace.com,Female,73.144.253.53
270,Augustin,Castelijn,acastelijn7h@comsenz.com,Male,180.50.171.34
271,Trixi,Bussetti,tbussetti7i@sciencedaily.com,Female,144.65.74.235
272,Sharleen,Ruegg,sruegg7j@pen.io,Female,214.164.95.168
273,Elonore,Grimstead,egrimstead7k@woothemes.com,Female,40.190.78.117
274,Wayne,Dyment,wdyment7l@npr.org,Non-binary,95.9.25.67
275,Jeramey,McGahern,jmcgahern7m@usatoday.com,Male,46.216.122.126
276,Sofie,Clemmen,sclemmen7n@toplist.cz,Female,94.173.202.153
277,Kelbee,Pickance,kpickance7o@freewebs.com,Agender,77.200.115.34
278,Jacquelynn,Mooreed,jmooreed7p@odnoklassniki.ru,Genderfluid,247.51.16.129
279,Wilton,Bagge,wbagge7q@hugedomains.com,Male,187.200.32.234
280,Eli,Kleinschmidt,ekleinschmidt7r@mozilla.org,Male,28.62.217.193
281,Constantine,Rosson,crosson7s@thetimes.co.uk,Female,218.139.251.93
282,Chrisy,Ligerton,cligerton7t@cam.ac.uk,Male,106.252.94.234
283,Ase,Beneze,abeneze7u@mail.ru,Male,21.22.91.34
284,Mollie,Parlett,mparlett7v@google.es,Female,66.202.110.65
285,Powell,Spours,pspours7w@joomla.org,Agender,133.62.161.149
286,Chad,Frammingham,cframmingham7x@spotify.com,Male,84.19.18.255
287,Henderson,O' Ronan,horonan7y@webeden.co.uk,Male,96.156.105.73
288,Gilbertine,Goodluck,ggoodluck7z@newsvine.com,Female,194.247.144.45
289,Gene,Fansy,gfansy80@msn.com,Female,216.178.144.221
290,Oralla,Sherebrooke,osherebrooke81@jalbum.net,Female,235.190.163.17
291,Tripp,Perell,tperell82@netscape.com,Male,102.103.82.79
292,Karita,Saile,ksaile83@auda.org.au,Female,158.13.6.225
293,Deb,MacLure,dmaclure84@blogger.com,Female,119.157.126.175
294,Israel,Monkley,imonkley85@360.cn,Male,182.125.180.70
295,Faye,Aers,faers86@youtube.com,Female,82.183.239.195
296,Phylys,Smithin,psmithin87@1und1.de,Female,111.55.209.221
297,Caty,Shaddick,cshaddick88@foxnews.com,Female,20.208.209.80
298,Kimberly,Westmerland,kwestmerland89@goodreads.com,Female,45.10.234.7
299,Woodie,Ballam,wballam8a@yellowbook.com,Male,208.99.190.116
300,Blake,Zanini,bzanini8b@jimdo.com,Genderfluid,159.68.156.156
301,Emmye,MacDowal,emacdowal8c@hugedomains.com,Female,11.141.203.205
302,Ulrika,Abbot,uabbot8d@delicious.com,Female,150.19.147.216
303,Lilith,Eustis,leustis8e@weibo.com,Female,110.244.224.109
304,Brianne,Beedon,bbeedon8f@tuttocitta.it,Female,1.235.162.46
305,Rudie,Brugemann,rbrugemann8g@themeforest.net,Male,22.226.39.90
306,Randal,Cowdrey,rcowdrey8h@dedecms.com,Male,237.89.95.112
307,Katharyn,Basketter,kbasketter8i@acquirethisname.com,Female,135.145.16.99
308,Kris,Shimoni,kshimoni8j@time.com,Male,19.246.86.28
309,Teador,Renachowski,trenachowski8k@icq.com,Male,126.198.223.61
310,Farr,Ekless,fekless8l@t.co,Male,224.1.92.126
311,Lin,Bowditch,lbowditch8m@toplist.cz,Male,78.59.195.25
312,Gerek,Whyffen,gwhyffen8n@amazon.co.uk,Male,84.139.69.246
313,Martynne,Pavia,mpavia8o@altervista.org,Female,185.16.230.62
314,Gaultiero,Eberle,geberle8p@meetup.com,Polygender,94.158.165.88
315,Lucas,Roke,lroke8q@marriott.com,Male,228.144.75.207
316,Sigrid,Bawme,sbawme8r@myspace.com,Female,53.31.44.65
317,Dalia,Calam,dcalam8s@yahoo.co.jp,Female,227.242.239.213
318,Siobhan,Linnett,slinnett8t@artisteer.com,Female,174.90.70.189
319,Laurie,Dowrey,ldowrey8u@creativecommons.org,Male,123.27.49.119
320,Sloane,Sylvaine,ssylvaine8v@last.fm,Male,17.67.131.48
321,Cornela,Compton,ccompton8w@huffingtonpost.com,Female,54.108.47.169
322,Jacky,Fransewich,jfransewich8x@yandex.ru,Female,102.24.16.174
323,Dietrich,Hinz,dhinz8y@soundcloud.com,Male,25.153.137.233
324,Gris,Pilfold,gpilfold8z@com.com,Male,158.12.113.16
325,Liz,Swaffer,lswaffer90@vk.com,Female,94.24.98.190
326,Tabby,Broschke,tbroschke91@biglobe.ne.jp,Female,234.37.121.61
327,Rogers,Smiths,rsmiths92@ovh.net,Male,6.209.150.218
328,Ichabod,Castelletti,icastelletti93@foxnews.com,Male,136.104.31.40
329,Rosco,Acome,racome94@bandcamp.com,Male,252.108.68.25
330,Bernie,Yedall,byedall95@addtoany.com,Male,66.50.221.140
331,Orland,Paice,opaice96@cbslocal.com,Male,20.241.76.84
332,Cly,Isgate,cisgate97@comsenz.com,Male,18.22.173.81
333,Ruperta,Gorgler,rgorgler98@ifeng.com,Female,20.37.170.197
334,Melody,Shemelt,mshemelt99@ucoz.com,Female,40.188.168.127
335,Hali,Castellone,hcastellone9a@dmoz.org,Female,55.201.189.165
336,Murial,Elfitt,melfitt9b@seesaa.net,Female,245.80.97.184
337,Hersh,Suggey,hsuggey9c@yahoo.co.jp,Male,161.138.50.36
338,Nady,Pelosi,npelosi9d@hatena.ne.jp,Female,151.121.3.27
339,Stevie,Prosser,sprosser9e@sohu.com,Male,142.191.126.143
340,Broderic,Leindecker,bleindecker9f@pcworld.com,Male,145.184.38.171
341,Julio,Westmarland,jwestmarland9g@amazon.de,Male,27.116.115.29
342,Konstantin,Matzaitis,kmatzaitis9h@artisteer.com,Male,43.122.129.99
343,Blakeley,Gibb,bgibb9i@discuz.net,Female,148.91.166.19
344,Carny,Abramchik,cabramchik9j@wufoo.com,Male,69.106.254.168
345,Mathian,Hawke,mhawke9k@alibaba.com,Male,192.244.218.222
346,Naomi,Skeeles,nskeeles9l@wordpress.org,Female,49.123.23.62
347,Aguste,Eburah,aeburah9m@rediff.com,Male,35.75.83.65
348,Cele,Isbell,cisbell9n@4shared.com,Female,94.197.247.133
349,Diana,Wloch,dwloch9o@cnbc.com,Bigender,120.177.178.248
350,Sherilyn,Toward,stoward9p@angelfire.com,Female,218.223.139.212
351,Tabatha,Santos,tsantos9q@nyu.edu,Genderqueer,181.35.11.53
352,Binnie,Phillipson,bphillipson9r@latimes.com,Female,23.210.53.119
353,Evey,Schwier,eschwier9s@ibm.com,Female,187.57.3.119
354,Ardelle,Nellen,anellen9t@yale.edu,Female,53.6.78.164
355,Florentia,Jaimez,fjaimez9u@geocities.com,Female,165.98.238.26
356,Rosalinde,Lanston,rlanston9v@usatoday.com,Female,33.111.3.223
357,Frederico,Jojic,fjojic9w@chronoengine.com,Male,156.20.36.19
358,Virginie,Yurin,vyurin9x@webs.com,Agender,255.222.156.245
359,Gabbi,Labrone,glabrone9y@smugmug.com,Female,88.184.203.211
360,Albert,Elmer,aelmer9z@businessweek.com,Genderqueer,218.55.112.10
361,Tudor,Lukock,tlukocka0@cnn.com,Male,114.30.43.218
362,Fran,Chivrall,fchivralla1@github.io,Female,248.241.119.25
363,Lazaro,Burris,lburrisa2@dagondesign.com,Male,49.32.250.215
364,Janine,Hugnet,jhugneta3@miitbeian.gov.cn,Female,11.28.249.94
365,Wade,Revelle,wrevellea4@cbc.ca,Male,197.95.184.158
366,Joey,Dufoure,jdufourea5@google.cn,Female,180.205.149.18
367,Rainer,McEniry,rmcenirya6@cbc.ca,Male,253.94.30.88
368,Junette,Coatts,jcoattsa7@wired.com,Female,245.203.5.111
369,Ximenez,Gowlett,xgowletta8@weebly.com,Male,111.75.126.71
370,Gerald,Dinsmore,gdinsmorea9@tripadvisor.com,Male,92.103.186.209
371,Renell,Parres,rparresaa@liveinternet.ru,Female,219.168.144.153
372,Keith,Stanworth,kstanworthab@cafepress.com,Male,254.19.76.193
373,Cointon,Trelevan,ctrelevanac@telegraph.co.uk,Male,20.253.171.98
374,Marge,Sweatman,msweatmanad@disqus.com,Female,42.226.138.209
375,Fran,Carbert,fcarbertae@mac.com,Genderfluid,50.44.112.37
376,Davide,MacTeague,dmacteagueaf@examiner.com,Male,188.241.177.141
377,Angy,Eynon,aeynonag@github.com,Female,49.139.21.104
378,Deane,Mound,dmoundah@nsw.gov.au,Male,25.236.186.134
379,Burty,des Remedios,bdesremediosai@java.com,Male,163.149.253.129
380,Druci,Malitrott,dmalitrottaj@reference.com,Female,49.156.100.139
381,Rachelle,Baggot,rbaggotak@businesswire.com,Female,154.43.25.230
382,Chelsy,Swires,cswiresal@hhs.gov,Female,40.67.168.26
383,Christian,Garter,cgarteram@ning.com,Female,123.195.62.104
384,Cobbie,Fettiplace,cfettiplacean@sakura.ne.jp,Male,201.200.24.59
385,Cyrus,Gerding,cgerdingao@abc.net.au,Male,235.57.138.213
386,Coralie,Grover,cgroverap@nyu.edu,Female,126.164.139.73
387,Biron,Willingham,bwillinghamaq@cloudflare.com,Non-binary,179.31.18.235
388,Waring,Najara,wnajaraar@nps.gov,Male,100.184.226.199
389,Chrisse,Labden,clabdenas@xing.com,Male,75.112.28.6
390,Alvis,O'Leahy,aoleahyat@gnu.org,Male,109.5.134.98
391,Percy,Woodington,pwoodingtonau@netscape.com,Male,69.210.44.30
392,Massimiliano,Cavnor,mcavnorav@google.co.jp,Male,201.100.126.250
393,Edith,Stendell,estendellaw@vimeo.com,Female,198.31.48.138
394,Alleen,Martusewicz,amartusewiczax@usatoday.com,Female,138.129.125.223
395,Aggi,McFater,amcfateray@ftc.gov,Female,19.208.215.153
396,Angeli,Ledgerton,aledgertonaz@quantcast.com,Male,133.63.110.112
397,Casey,Schankel,cschankelb0@trellian.com,Male,93.209.187.79
398,Ben,Gorry,bgorryb1@chronoengine.com,Male,64.165.3.220
399,Marcello,Ladon,mladonb2@yellowbook.com,Male,188.96.159.79
400,Bridie,Heam,bheamb3@bluehost.com,Female,62.131.141.96
401,Tanner,Winterburn,twinterburnb4@addtoany.com,Male,128.76.228.172
402,Earl,Dillingston,edillingstonb5@businesswire.com,Male,73.230.189.75
403,Rubin,Couzens,rcouzensb6@nifty.com,Male,240.28.151.54
404,Georgie,Berkely,gberkelyb7@walmart.com,Female,72.13.1.38
405,Alexis,Jarnell,ajarnellb8@squidoo.com,Female,70.2.20.98
406,Farleigh,Villalta,fvillaltab9@netscape.com,Male,209.66.245.210
407,Royall,Aukland,rauklandba@comsenz.com,Male,81.50.91.144
408,Jamesy,Kirstein,jkirsteinbb@cloudflare.com,Male,176.17.11.187
409,Loralee,Jowsey,ljowseybc@mozilla.org,Female,154.184.38.106
410,Felicio,de Clerc,fdeclercbd@prweb.com,Male,159.102.186.67
411,Rodd,Rootham,rroothambe@cornell.edu,Male,230.41.174.23
412,Stillmann,Keuneke,skeunekebf@ask.com,Male,196.155.153.75
413,Clyve,Line,clinebg@diigo.com,Male,224.173.180.238
414,Alaster,Ouslem,aouslembh@ihg.com,Male,223.192.84.42
415,Clem,Gustus,cgustusbi@forbes.com,Male,145.185.120.74
416,Jean,Husband,jhusbandbj@example.com,Genderfluid,186.41.162.172
417,Perren,Neggrini,pneggrinibk@pbs.org,Male,32.172.87.134
418,Lilllie,Maher,lmaherbl@umn.edu,Female,126.26.100.127
419,Elihu,Nottram,enottrambm@dailymotion.com,Bigender,187.1.120.164
420,Brock,Cabble,bcabblebn@mozilla.com,Male,190.82.124.39
421,Leon,Blaxland,lblaxlandbo@wordpress.org,Male,251.178.239.196
422,Constantino,Fazan,cfazanbp@de.vu,Male,176.232.230.156
423,Joela,Hayth,jhaythbq@google.cn,Female,150.49.15.90
424,Zorine,Maffioni,zmaffionibr@flickr.com,Female,177.205.125.227
425,Corrie,Walsh,cwalshbs@123-reg.co.uk,Female,165.5.58.51
426,Willow,Critcher,wcritcherbt@freewebs.com,Female,247.97.99.236
427,Eula,Shreeves,eshreevesbu@cmu.edu,Female,44.249.21.187
428,Joan,De la Barre,jdelabarrebv@fotki.com,Female,229.88.153.201
429,Gilda,Diddams,gdiddamsbw@engadget.com,Female,114.120.145.154
430,Sasha,Jenno,sjennobx@huffingtonpost.com,Male,16.16.46.108
431,Morey,Marklin,mmarklinby@google.pl,Male,221.123.151.176
432,Marijo,Gabbat,mgabbatbz@cpanel.net,Female,9.28.218.193
433,Martica,Dikles,mdiklesc0@a8.net,Female,97.245.214.62
434,Farly,Wilcot,fwilcotc1@squarespace.com,Male,207.227.71.175
435,Leann,Margery,lmargeryc2@google.it,Female,157.74.90.110
436,Flory,Scoullar,fscoullarc3@mozilla.org,Male,93.110.101.201
437,Daffi,Lampard,dlampardc4@tinypic.com,Female,204.218.253.253
438,Vernon,Mawne,vmawnec5@comcast.net,Male,34.54.34.42
439,Marrissa,Bestwall,mbestwallc6@prnewswire.com,Female,227.165.191.187
440,Irvine,MacHostie,imachostiec7@ihg.com,Male,216.21.42.50
441,Joanna,Vondracek,jvondracekc8@cyberchimps.com,Polygender,134.45.54.26
442,Noellyn,Steptoe,nsteptoec9@hc360.com,Female,86.2.0.163
443,Gillie,Wiggall,gwiggallca@jimdo.com,Female,180.144.66.24
444,Cornelius,Yakunkin,cyakunkincb@acquirethisname.com,Male,224.223.114.149
445,Caria,May,cmaycc@wp.com,Female,41.49.62.32
446,Harrison,Comizzoli,hcomizzolicd@auda.org.au,Male,152.63.20.68
447,Leese,Lorkin,llorkince@github.com,Female,14.25.52.234
448,Charmion,Crosio,ccrosiocf@auda.org.au,Female,238.228.218.187
449,Datha,Daniell,ddaniellcg@ebay.com,Female,41.50.97.194
450,Felicity,Pfeffle,fpfefflech@behance.net,Female,241.231.28.82
451,Marj,Ismail,mismailci@biglobe.ne.jp,Female,132.197.216.144
452,Angie,Genicke,agenickecj@posterous.com,Male,105.63.192.190
453,Michele,McCarrison,mmccarrisonck@nps.gov,Male,234.194.31.13
454,Ruthanne,Szwarc,rszwarccl@lycos.com,Female,118.156.184.152
455,Robinett,Dickons,rdickonscm@cloudflare.com,Female,16.32.113.182
456,Dewitt,Mc Comb,dmccombcn@hao123.com,Male,185.182.89.75
457,Arlena,Hammon,ahammonco@discuz.net,Female,218.39.69.245
458,Andrey,Pinniger,apinnigercp@columbia.edu,Male,204.21.116.98
459,Raymund,Josifovitz,rjosifovitzcq@tripod.com,Male,67.181.20.69
460,Codie,Jaxon,cjaxoncr@berkeley.edu,Female,210.185.122.152
461,Wanda,Madison,wmadisoncs@de.vu,Female,103.63.151.208
462,Reade,Moen,rmoenct@bing.com,Male,129.91.118.66
463,Brandais,Doumerque,bdoumerquecu@cnn.com,Female,173.214.159.34
464,Raviv,Bayles,rbaylescv@mozilla.com,Male,152.184.81.118
465,Eva,Volks,evolkscw@dot.gov,Female,169.21.187.174
466,Gerek,Dowbakin,gdowbakincx@theatlantic.com,Male,97.157.73.129
467,Mike,Spivie,mspiviecy@census.gov,Male,135.70.236.198
468,Georgi,Smuth,gsmuthcz@cornell.edu,Male,125.179.107.70
469,Angil,Lambot,alambotd0@exblog.jp,Female,168.239.170.124
470,Heriberto,Getten,hgettend1@microsoft.com,Male,87.188.200.56
471,Sacha,Hennington,shenningtond2@pinterest.com,Female,189.133.37.150
472,Jeth,Applewhaite,japplewhaited3@devhub.com,Male,175.16.178.74
473,Paige,Bernardos,pbernardosd4@arizona.edu,Female,120.202.177.52
474,Sarita,Munns,smunnsd5@twitpic.com,Female,87.208.244.218
475,Guthry,Hupka,ghupkad6@newsvine.com,Male,226.15.136.105
476,Sukey,Lorenzo,slorenzod7@fda.gov,Female,5.49.171.136
477,Obidiah,Milton-White,omiltonwhited8@washington.edu,Male,121.126.80.123
478,Bendicty,Boichat,bboichatd9@mashable.com,Male,200.15.17.182
479,Yuma,Mulvey,ymulveyda@cnn.com,Male,70.40.114.11
480,Phylys,Weafer,pweaferdb@xrea.com,Non-binary,31.85.138.200
481,Pinchas,O' Scallan,poscallandc@theatlantic.com,Male,154.73.36.239
482,Shanie,Tupp,stuppdd@exblog.jp,Female,101.160.51.71
483,Daffie,Adamek,dadamekde@wunderground.com,Female,208.172.241.53
484,Gasparo,Jeens,gjeensdf@netlog.com,Male,11.230.229.121
485,Stella,Lukash,slukashdg@myspace.com,Female,88.114.139.20
486,Hastings,Romaines,hromainesdh@google.nl,Male,20.120.10.2
487,Henrik,Larmouth,hlarmouthdi@msu.edu,Male,252.162.165.146
488,Carie,Isacq,cisacqdj@phoca.cz,Female,212.7.219.128
489,Freddy,Heinzel,fheinzeldk@seesaa.net,Female,83.222.119.68
490,Celeste,Halleybone,challeybonedl@engadget.com,Female,106.32.187.173
491,Vanny,Houlaghan,vhoulaghandm@cbslocal.com,Polygender,20.209.231.169
492,Munroe,Bendall,mbendalldn@furl.net,Male,30.221.10.182
493,Cati,Bentje,cbentjedo@weebly.com,Female,49.205.111.164
494,Elvyn,Ivashinnikov,eivashinnikovdp@shareasale.com,Male,115.135.124.235
495,Deeyn,Fooks,dfooksdq@illinois.edu,Female,2.92.127.243
496,Brockie,Kneath,bkneathdr@hexun.com,Male,5.86.70.117
497,Barnie,Garioch,bgariochds@jimdo.com,Male,58.156.25.198
498,Ezekiel,Bridle,ebridledt@tripod.com,Male,138.194.52.28
499,Annecorinne,Meggison,ameggisondu@wiley.com,Female,119.251.166.8
500,Lotta,Pevreal,lpevrealdv@theatlantic.com,Agender,255.52.128.120
501,Nicolai,Wrout,nwroutdw@nps.gov,Bigender,206.111.63.57
502,Bartlett,Leadbeatter,bleadbeatterdx@cbslocal.com,Male,180.109.87.218
503,Patrica,McGinty,pmcgintydy@constantcontact.com,Female,221.203.209.249
504,Gilbertina,Mahady,gmahadydz@msn.com,Female,140.178.177.234
505,Calvin,Greydon,cgreydone0@google.pl,Male,180.17.61.167
506,Antonia,Featley,afeatleye1@census.gov,Female,6.252.52.31
507,Tiebold,Greetland,tgreetlande2@spotify.com,Male,17.151.253.49
508,Nita,Meagher,nmeaghere3@biglobe.ne.jp,Female,148.37.27.97
509,Anallise,Noto,anotoe4@amazon.com,Female,40.124.102.38
510,Ethelda,Oakes,eoakese5@go.com,Female,149.145.59.143
511,Millie,Manklow,mmanklowe6@wisc.edu,Genderqueer,85.133.212.6
512,Reilly,Danelutti,rdaneluttie7@hp.com,Male,178.45.90.34
513,Brewer,O'Criane,bocrianee8@vkontakte.ru,Male,91.29.217.255
514,Meade,Linforth,mlinforthe9@plala.or.jp,Male,97.110.26.159
515,Bruno,Pughsley,bpughsleyea@jugem.jp,Male,156.218.120.250
516,Garik,Krystof,gkrystofeb@netlog.com,Male,11.160.251.84
517,Bonita,Cancelier,bcancelierec@smugmug.com,Female,66.49.35.207
518,Jana,Thirtle,jthirtleed@alexa.com,Female,159.5.28.69
519,Max,Swanbourne,mswanbourneee@google.co.jp,Female,57.58.80.236
520,Nanete,Ellum,nellumef@npr.org,Female,70.203.8.56
521,Archer,Bezant,abezanteg@arizona.edu,Male,71.66.36.129
522,Johnny,Bauldrey,jbauldreyeh@disqus.com,Male,213.239.234.241
523,Paddie,Gartan,pgartanei@1688.com,Male,43.212.236.49
524,Daven,Howarth,dhowarthej@newyorker.com,Bigender,24.59.166.46
525,Bengt,Okie,bokieek@1688.com,Male,17.65.126.165
526,Tedmund,Jancic,tjancicel@techcrunch.com,Male,104.155.231.185
527,Munmro,Seely,mseelyem@e-recht24.de,Male,242.116.161.162
528,Kenneth,Loiterton,kloitertonen@shinystat.com,Male,27.232.214.243
529,Raddy,Luppitt,rluppitteo@wisc.edu,Male,111.30.179.125
530,Nappy,Moorwood,nmoorwoodep@wikipedia.org,Male,46.149.89.23
531,Louisa,Starbeck,lstarbeckeq@wikipedia.org,Female,243.230.83.157
532,Bobbee,Yurkin,byurkiner@microsoft.com,Female,196.155.207.62
533,Brig,Perez,bperezes@nhs.uk,Male,236.69.216.4
534,Julina,Brackenridge,jbrackenridgeet@nymag.com,Female,198.108.88.145
535,Reese,Haslock(e),rhaslockeeu@guardian.co.uk,Male,23.38.47.117
536,Karisa,Wilcock,kwilcockev@yandex.ru,Female,31.223.36.109
537,Kamilah,Ivetts,kivettsew@jigsy.com,Female,159.63.131.82
538,Felisha,Riccioppo,friccioppoex@ebay.co.uk,Female,187.57.134.177
539,Ruben,Yousef,ryousefey@arstechnica.com,Male,69.204.241.228
540,Karina,Orwell,korwellez@eventbrite.com,Female,20.209.166.206
541,Mathian,Pavey,mpaveyf0@hc360.com,Male,100.203.239.8
542,Zena,Bleas,zbleasf1@merriam-webster.com,Female,187.81.215.254
543,Derk,Puckring,dpuckringf2@go.com,Male,219.52.52.135
544,Lanette,Preuvost,lpreuvostf3@reverbnation.com,Female,154.250.205.243
545,Patrizio,Spellesy,pspellesyf4@home.pl,Male,159.220.223.79
546,Felicle,Keuning,fkeuningf5@cnn.com,Female,230.185.123.175
547,Orbadiah,O'Corr,oocorrf6@merriam-webster.com,Male,72.192.7.168
548,Hieronymus,Louche,hlouchef7@senate.gov,Male,165.47.249.83
549,Abbi,Piscopiello,apiscopiellof8@clickbank.net,Female,166.141.196.138
550,Annmarie,MacGowan,amacgowanf9@eventbrite.com,Female,112.89.205.154
551,Errick,Southam,esouthamfa@pinterest.com,Male,231.162.121.47
552,Halli,Snellman,hsnellmanfb@narod.ru,Non-binary,95.213.244.40
553,Kirsten,Lacroix,klacroixfc@goo.gl,Female,39.125.30.183
554,Tom,Cheetam,tcheetamfd@huffingtonpost.com,Male,60.251.168.197
555,Hillary,Tripet,htripetfe@wunderground.com,Male,110.240.118.106
556,Paco,Wisden,pwisdenff@usda.gov,Male,10.206.110.190
557,Alida,Pinnington,apinningtonfg@acquirethisname.com,Female,8.62.253.20
558,Robby,Bleeze,rbleezefh@123-reg.co.uk,Male,107.24.166.198
559,Constantina,Meier,cmeierfi@shareasale.com,Female,240.64.110.25
560,Alphard,Axelby,aaxelbyfj@sitemeter.com,Bigender,2.31.62.121
561,Austen,Kidsley,akidsleyfk@de.vu,Male,252.251.204.63
562,Marice,Oldershaw,moldershawfl@posterous.com,Female,212.147.139.200
563,Dene,Sabate,dsabatefm@com.com,Male,110.166.65.113
564,Clarine,Feak,cfeakfn@furl.net,Female,28.249.7.30
565,Pietra,Grimsdale,pgrimsdalefo@delicious.com,Female,166.236.164.108
566,Parry,Stilling,pstillingfp@bizjournals.com,Male,151.75.110.202
567,Elaine,Jiroudek,ejiroudekfq@lulu.com,Female,218.132.234.152
568,Lowell,Heinsh,lheinshfr@instagram.com,Male,252.225.26.73
569,Terrye,Meates,tmeatesfs@meetup.com,Female,135.211.192.139
570,Amble,McFaell,amcfaellft@squarespace.com,Male,97.255.209.58
571,Elwin,Gerlts,egerltsfu@examiner.com,Male,250.213.19.82
572,Wandis,Doak,wdoakfv@paypal.com,Female,54.199.239.142
573,Amye,Sandilands,asandilandsfw@devhub.com,Female,47.137.101.36
574,Casey,Huffa,chuffafx@google.de,Male,201.126.39.98
575,Jill,Janikowski,jjanikowskify@qq.com,Female,118.245.80.56
576,Carroll,Thynne,cthynnefz@eventbrite.com,Female,113.11.212.137
577,Nicholas,O' Borne,noborneg0@g.co,Male,66.206.18.210
578,Casar,Dennidge,cdennidgeg1@printfriendly.com,Male,35.237.99.105
579,Lilias,Ludman,lludmang2@multiply.com,Female,91.148.219.127
580,Daveen,Robotham,drobothamg3@comcast.net,Female,14.72.149.217
581,Neile,Burfoot,nburfootg4@nba.com,Female,159.95.24.37
582,Konstantin,Hardwin,khardwing5@soup.io,Male,89.127.81.202
583,Kendall,Maasz,kmaaszg6@paginegialle.it,Male,73.191.20.82
584,Rita,Hiscoe,rhiscoeg7@epa.gov,Female,100.100.24.13
585,Nate,Haggie,nhaggieg8@yellowbook.com,Male,241.230.5.208
586,Keen,Bennis,kbennisg9@berkeley.edu,Male,22.76.65.111
587,Delila,Kenshole,dkensholega@answers.com,Female,34.199.119.196
588,Teddy,Carbin,tcarbingb@home.pl,Female,194.183.103.29
589,Harbert,Robillart,hrobillartgc@amazon.co.jp,Male,61.73.116.124
590,Rosemary,Urch,rurchgd@so-net.ne.jp,Female,112.221.112.107
591,Carlos,Mongain,cmongainge@theglobeandmail.com,Male,215.12.110.58
592,Cassi,Albrook,calbrookgf@amazon.co.jp,Female,88.24.128.44
593,Crawford,Bierton,cbiertongg@privacy.gov.au,Male,101.224.149.47
594,Lyndy,Crawforth,lcrawforthgh@biglobe.ne.jp,Female,101.163.254.10
595,Keen,Kirimaa,kkirimaagi@umn.edu,Male,109.118.73.0
596,Berget,Tubbles,btubblesgj@apple.com,Female,133.192.9.96
597,Lockwood,McRobbie,lmcrobbiegk@gov.uk,Male,228.230.255.130
598,Dannie,Trench,dtrenchgl@google.fr,Male,3.167.140.121
599,Husain,Immins,himminsgm@is.gd,Male,185.38.99.168
600,Patten,Clementi,pclementign@wsj.com,Male,247.137.235.251
601,Briney,Veivers,bveiversgo@yelp.com,Female,112.220.192.236
602,Gal,Bowkley,gbowkleygp@delicious.com,Male,37.182.86.191
603,Gleda,Tevelov,gtevelovgq@bluehost.com,Female,128.1.214.160
604,Boot,Rash,brashgr@hud.gov,Male,154.120.236.225
605,Woodie,Tippler,wtipplergs@mashable.com,Agender,91.121.251.34
606,Avictor,Whiteland,awhitelandgt@trellian.com,Polygender,182.135.66.106
607,Issiah,Dawtry,idawtrygu@yellowbook.com,Male,140.15.251.84
608,Chad,Luke,clukegv@boston.com,Female,221.43.140.171
609,Kaja,Sweetnam,ksweetnamgw@npr.org,Female,85.252.136.170
610,Barret,Girardin,bgirardingx@yahoo.co.jp,Male,149.193.177.37
611,Casar,Haversham,chavershamgy@census.gov,Male,5.33.242.52
612,Carry,Spini,cspinigz@instagram.com,Female,238.5.57.99
613,Cale,Kirkup,ckirkuph0@dailymotion.com,Male,225.43.97.117
614,Minetta,Arnason,marnasonh1@amazon.co.jp,Female,171.167.210.147
615,Dominique,Keetley,dkeetleyh2@taobao.com,Male,73.217.156.87
616,Shelley,Grinham,sgrinhamh3@un.org,Female,31.115.253.219
617,Cleavland,Deveril,cdeverilh4@shareasale.com,Male,204.129.204.151
618,Marya,Allmark,mallmarkh5@nhs.uk,Female,114.245.63.112
619,Lemmy,Krolle,lkrolleh6@jigsy.com,Male,1.28.174.229
620,Seymour,Bourgeois,sbourgeoish7@independent.co.uk,Male,96.247.151.57
621,Beryle,Lethbrig,blethbrigh8@nyu.edu,Female,7.200.79.236
622,Marlie,Linfoot,mlinfooth9@google.co.uk,Female,21.65.243.215
623,Fletcher,Blondel,fblondelha@rediff.com,Male,65.132.19.7
624,Esta,Hatchman,ehatchmanhb@twitter.com,Bigender,220.154.84.26
625,Odele,Jorioz,ojoriozhc@dailymail.co.uk,Bigender,111.47.208.214
626,Ole,McJarrow,omcjarrowhd@fastcompany.com,Male,10.33.52.190
627,Waylen,Paske,wpaskehe@de.vu,Male,215.45.75.243
628,Irv,Frowde,ifrowdehf@smh.com.au,Male,37.205.125.207
629,Dionysus,Demsey,ddemseyhg@constantcontact.com,Male,74.105.93.121
630,Cecily,Pedrielli,cpedriellihh@princeton.edu,Female,82.41.175.175
631,Karlee,McCarthy,kmccarthyhi@bbc.co.uk,Agender,146.208.163.18
632,Roxana,Petty,rpettyhj@mapy.cz,Female,166.65.123.31
633,Davis,Blofeld,dblofeldhk@purevolume.com,Male,30.87.94.210
634,Geoffrey,Brixey,gbrixeyhl@latimes.com,Non-binary,144.19.114.145
635,Laureen,Yann,lyannhm@go.com,Female,62.239.165.221
636,Sascha,Garbutt,sgarbutthn@usda.gov,Genderfluid,94.34.151.52
637,Bertha,Vasilechko,bvasilechkoho@liveinternet.ru,Genderqueer,132.201.214.138
638,Odelinda,Jessup,ojessuphp@linkedin.com,Genderqueer,217.17.169.164
639,Ange,Andreutti,aandreuttihq@jugem.jp,Male,196.51.249.126
640,Ivor,Nobles,inobleshr@w3.org,Genderqueer,199.6.151.241
641,Camile,Francesch,cfranceschhs@homestead.com,Female,113.56.155.228
642,Lorrie,Wehden,lwehdenht@myspace.com,Genderqueer,19.227.107.100
643,Beitris,Blackster,bblacksterhu@smh.com.au,Female,110.151.26.74
644,Kirby,Viles,kvileshv@weather.com,Male,214.198.115.91
645,Theda,Iacobo,tiacobohw@wix.com,Female,168.54.67.184
646,Malachi,Abadam,mabadamhx@washingtonpost.com,Male,151.116.151.177
647,Tan,Bartrum,tbartrumhy@qq.com,Male,242.116.218.70
648,Horatio,Ivic,hivichz@infoseek.co.jp,Male,27.169.201.98
649,Lucretia,Finding,lfindingi0@google.fr,Female,122.186.36.95
650,Genevra,Bosche,gboschei1@house.gov,Female,27.231.82.225
651,Josh,Johanchon,jjohanchoni2@latimes.com,Male,109.43.154.154
652,Borden,MacAvaddy,bmacavaddyi3@a8.net,Male,173.50.1.185
653,Andria,Holme,aholmei4@blinklist.com,Female,25.189.231.71
654,Atlante,Ragborne,aragbornei5@comsenz.com,Female,219.17.44.232
655,Orelle,Lea,oleai6@drupal.org,Female,163.137.74.212
656,Carline,Kirsch,ckirschi7@delicious.com,Female,82.125.1.19
657,Erich,Chapelhow,echapelhowi8@mac.com,Polygender,196.91.139.80
658,Hyacintha,Burnes,hburnesi9@sogou.com,Female,21.139.98.82
659,Maynord,Benner,mbenneria@delicious.com,Male,48.207.1.142
660,Federica,Cracknall,fcracknallib@elpais.com,Female,249.238.14.73
661,Ariella,Gethyn,agethynic@sciencedaily.com,Female,121.126.176.45
662,Palm,Munehay,pmunehayid@ebay.com,Male,204.155.233.198
663,Harrie,Jowett,hjowettie@amazon.de,Female,52.171.123.131
664,Erek,Earlam,eearlamif@state.gov,Male,150.229.84.241
665,Boigie,Rowler,browlerig@foxnews.com,Male,111.65.35.98
666,Nap,Upham,nuphamih@wisc.edu,Male,114.229.16.172
667,Darwin,Jeffcoat,djeffcoatii@bigcartel.com,Male,246.14.66.216
668,Eirena,Wayon,ewayonij@miibeian.gov.cn,Female,102.219.64.78
669,Rebe,Mardling,rmardlingik@google.co.jp,Female,104.62.54.205
670,Matt,Tuffin,mtuffinil@free.fr,Male,119.8.29.190
671,Aleta,Crimin,acriminim@omniture.com,Female,82.136.8.57
672,Todd,Lucus,tlucusin@google.co.jp,Male,151.243.194.43
673,Johnath,Youthed,jyouthedio@baidu.com,Female,22.171.191.134
674,Melosa,Hinksen,mhinksenip@slashdot.org,Female,199.34.142.246
675,Dian,Clyburn,dclyburniq@gizmodo.com,Polygender,239.37.146.125
676,Terrence,Jagger,tjaggerir@whitehouse.gov,Male,5.89.207.10
677,Angelina,Canete,acaneteis@ovh.net,Female,155.90.194.75
678,Edy,Olligan,eolliganit@discuz.net,Genderqueer,66.208.65.87
679,Jeno,Hamber,jhamberiu@ask.com,Male,228.133.239.161
680,Albert,Emblin,aembliniv@usnews.com,Male,138.244.249.115
681,Vina,Shallcross,vshallcrossiw@liveinternet.ru,Female,141.169.157.210
682,Fern,Oneill,foneillix@hc360.com,Female,214.221.27.105
683,Mathe,Cummings,mcummingsiy@vkontakte.ru,Male,54.132.131.177
684,Chrisse,Daudray,cdaudrayiz@dropbox.com,Male,21.200.146.157
685,Inesita,Larose,ilarosej0@gmpg.org,Female,57.96.167.216
686,Cody,Hellmer,chellmerj1@amazon.com,Male,27.233.210.105
687,Gram,Antoniottii,gantoniottiij2@discuz.net,Agender,112.67.111.205
688,Rochell,Crowcher,rcrowcherj3@friendfeed.com,Female,156.97.95.235
689,Dore,Uff,duffj4@fotki.com,Female,179.248.60.164
690,Hammad,Forrestill,hforrestillj5@mozilla.com,Male,182.218.207.58
691,Aurora,Dallin,adallinj6@facebook.com,Female,124.173.108.47
692,Melantha,Dummigan,mdummiganj7@youtube.com,Female,103.74.68.141
693,Sherlock,Swaden,sswadenj8@altervista.org,Male,24.16.208.232
694,Jillane,Gelder,jgelderj9@ihg.com,Female,126.112.179.148
695,Louisette,Normanvill,lnormanvillja@netscape.com,Bigender,201.138.195.147
696,Barry,Edlington,bedlingtonjb@elegantthemes.com,Male,142.116.181.192
697,Axel,Mumm,amummjc@bigcartel.com,Male,37.249.42.94
698,Monique,Kebell,mkebelljd@yellowpages.com,Female,219.41.119.226
699,Mari,Cornelissen,mcornelissenje@mapy.cz,Female,38.243.214.215
700,Katheryn,Pessolt,kpessoltjf@jugem.jp,Female,202.143.145.176
701,Brynna,Belsham,bbelshamjg@sogou.com,Female,78.38.17.56
702,Glen,Sheehy,gsheehyjh@dyndns.org,Female,65.222.152.189
703,Antoine,Wands,awandsji@time.com,Male,225.105.38.122
704,Bale,Gioani,bgioanijj@multiply.com,Male,249.102.113.224
705,Sybyl,Tabbernor,stabbernorjk@1und1.de,Female,99.121.92.159
706,Hinze,Rhyme,hrhymejl@tamu.edu,Male,59.67.50.58
707,Nataniel,Kamien,nkamienjm@so-net.ne.jp,Male,175.255.77.101
708,Jess,Rajchert,jrajchertjn@digg.com,Female,123.198.77.83
709,Shepperd,McCuis,smccuisjo@sogou.com,Male,154.104.61.198
710,Franny,Fuke,ffukejp@narod.ru,Female,231.41.68.173
711,Hana,Sacase,hsacasejq@cpanel.net,Genderfluid,116.231.213.229
712,Thomasin,Kielt,tkieltjr@example.com,Female,18.252.41.185
713,Valentin,de Amaya,vdeamayajs@nifty.com,Male,239.78.183.199
714,Chip,Martensen,cmartensenjt@edublogs.org,Male,254.146.175.194
715,Waldo,Rousell,wrousellju@woothemes.com,Male,107.246.222.109
716,Judd,Bilbey,jbilbeyjv@home.pl,Male,103.194.248.238
717,Linus,Stewartson,lstewartsonjw@vk.com,Male,73.223.75.227
718,Neala,Feehery,nfeeheryjx@oaic.gov.au,Female,53.219.98.76
719,Yetty,Ayton,yaytonjy@vk.com,Female,15.136.178.200
720,Rafi,Courtliff,rcourtliffjz@list-manage.com,Male,174.102.58.144
721,Alleyn,McGinny,amcginnyk0@tripod.com,Bigender,225.145.5.213
722,Alisander,Aizikowitz,aaizikowitzk1@columbia.edu,Male,3.153.157.111
723,Savina,Hymas,shymask2@indiegogo.com,Polygender,15.140.186.5
724,Moss,Bonhomme,mbonhommek3@trellian.com,Male,140.0.244.41
725,Ola,Murphy,omurphyk4@pbs.org,Female,42.0.95.54
726,Patsy,Ewings,pewingsk5@squarespace.com,Male,146.206.157.233
727,Carlina,McCandless,cmccandlessk6@shop-pro.jp,Female,198.107.188.204
728,Waite,Skidmore,wskidmorek7@craigslist.org,Male,60.203.2.88
729,Chandler,Shacklady,cshackladyk8@wisc.edu,Male,164.82.84.201
730,Claudianus,Willatt,cwillattk9@twitter.com,Male,251.252.69.60
731,Alvera,Gowanlock,agowanlockka@paginegialle.it,Bigender,218.84.87.46
732,Benton,Emanueli,bemanuelikb@slideshare.net,Genderfluid,145.58.30.182
733,Friedrich,Clitsome,fclitsomekc@phoca.cz,Male,212.40.196.25
734,Harley,Bensusan,hbensusankd@engadget.com,Male,183.195.148.176
735,Webb,Ickovicz,wickoviczke@theglobeandmail.com,Genderqueer,209.214.246.11
736,Robin,Hallock,rhallockkf@bing.com,Female,48.65.20.92
737,Francis,Camilleri,fcamillerikg@hp.com,Male,184.1.153.90
738,Cherise,McCreagh,cmccreaghkh@noaa.gov,Agender,127.81.166.107
739,Sianna,Lattka,slattkaki@ow.ly,Female,59.213.225.181
740,Karlee,Klemz,kklemzkj@1und1.de,Female,205.104.109.83
741,Jorge,Creagh,jcreaghkk@washington.edu,Male,247.70.175.29
742,Francklin,de Villier,fdevillierkl@google.com,Male,180.197.132.174
743,Siouxie,Marrow,smarrowkm@amazon.co.uk,Female,221.178.199.186
744,Ferrell,Ochiltree,fochiltreekn@networksolutions.com,Male,171.61.152.42
745,Abigael,Atley,aatleyko@rambler.ru,Female,255.108.147.124
746,Sophi,Lowe,slowekp@mapquest.com,Female,149.12.239.33
747,Darby,Crowche,dcrowchekq@artisteer.com,Female,178.65.67.59
748,Sarina,Macro,smacrokr@japanpost.jp,Female,79.13.201.63
749,Kristo,Goss,kgossks@squarespace.com,Male,9.170.226.9
750,Tate,Windrass,twindrasskt@nba.com,Male,111.219.214.87
751,Rory,Simonaitis,rsimonaitisku@ihg.com,Agender,32.129.227.87
752,Berty,Fratson,bfratsonkv@phoca.cz,Male,87.142.9.204
753,Rip,Voules,rvouleskw@apple.com,Male,186.168.57.20
754,Paul,Dufore,pduforekx@behance.net,Male,79.9.161.146
755,Curtice,Garber,cgarberky@mediafire.com,Male,21.8.214.102
756,Emery,Camilleri,ecamillerikz@exblog.jp,Male,193.99.103.180
757,Hatti,Sobieski,hsobieskil0@tiny.cc,Female,147.129.76.18
758,Rowan,Shard,rshardl1@reddit.com,Male,248.211.8.172
759,Lamar,Folliott,lfolliottl2@unc.edu,Male,191.135.98.177
760,Lock,Deverell,ldeverelll3@arstechnica.com,Male,27.87.199.55
761,Roley,Gooddie,rgooddiel4@reddit.com,Male,129.101.27.41
762,Barrett,Fist,bfistl5@squarespace.com,Polygender,147.23.190.210
763,Dan,Creebo,dcreebol6@harvard.edu,Male,200.81.200.186
764,Armin,Staresmeare,astaresmearel7@huffingtonpost.com,Male,72.41.228.80
765,Benedikt,Buck,bbuckl8@sciencedirect.com,Male,82.81.166.204
766,Carly,Hampstead,champsteadl9@shareasale.com,Male,237.166.29.144
767,Darya,Strelitz,dstrelitzla@cocolog-nifty.com,Female,197.102.188.40
768,Lodovico,Hayworth,lhayworthlb@elpais.com,Male,143.94.13.80
769,Odey,Aikman,oaikmanlc@loc.gov,Male,253.122.161.175
770,Kristin,Restorick,krestorickld@oaic.gov.au,Female,196.16.55.188
771,Normy,Bridell,nbridellle@dailymotion.com,Male,51.92.238.234
772,Regan,Schafer,rschaferlf@bbc.co.uk,Male,18.134.70.53
773,Selene,Duetschens,sduetschenslg@icq.com,Female,14.146.51.220
774,Sigrid,Devanney,sdevanneylh@microsoft.com,Female,201.226.103.26
775,Gabie,Lowmass,glowmassli@adobe.com,Male,149.6.213.237
776,Garreth,Spuffard,gspuffardlj@google.cn,Male,130.185.117.120
777,Gabby,Klewer,gklewerlk@techcrunch.com,Male,138.102.224.216
778,Howard,Aartsen,haartsenll@ucla.edu,Male,105.243.57.101
779,Fawne,Drinkwater,fdrinkwaterlm@gmpg.org,Female,159.110.241.254
780,Lari,Fauguel,lfauguelln@163.com,Female,196.210.221.27
781,Hana,Whaley,hwhaleylo@state.gov,Female,108.66.93.135
782,Brandea,Hebner,bhebnerlp@twitter.com,Female,245.3.224.124
783,Isak,Heffy,iheffylq@cam.ac.uk,Male,141.39.161.234
784,Whitman,Simmill,wsimmilllr@freewebs.com,Male,60.160.75.56
785,Deborah,Fray,dfrayls@bloglovin.com,Female,20.237.105.161
786,Jeralee,Extence,jextencelt@cyberchimps.com,Female,191.115.107.78
787,Cly,Traite,ctraitelu@mit.edu,Male,51.82.51.167
788,Analiese,Rawsthorne,arawsthornelv@berkeley.edu,Female,193.194.110.255
789,Nehemiah,Belitz,nbelitzlw@jimdo.com,Male,174.8.228.115
790,Robers,Derricoat,rderricoatlx@xing.com,Male,54.32.161.219
791,Chaddie,Pyvis,cpyvisly@apple.com,Male,144.129.50.126
792,Loutitia,Cockshtt,lcockshttlz@mit.edu,Female,108.177.122.199
793,Sammie,Krojn,skrojnm0@dot.gov,Male,181.249.74.49
794,Jolene,Costard,jcostardm1@vinaora.com,Female,108.165.26.246
795,Leena,Sandiford,lsandifordm2@mozilla.com,Female,6.92.67.238
796,Drew,McFayden,dmcfaydenm3@stumbleupon.com,Male,98.35.82.253
797,Shurwood,Gipp,sgippm4@abc.net.au,Male,144.127.149.1
798,Anita,Coghlan,acoghlanm5@quantcast.com,Female,231.206.142.160
799,Larisa,Jedrzejczyk,ljedrzejczykm6@cdbaby.com,Female,110.199.13.2
800,Giselle,Feltham,gfelthamm7@51.la,Genderqueer,41.44.125.212
801,Marchelle,Moseby,mmosebym8@indiegogo.com,Female,251.197.239.40
802,Baryram,Benedicto,bbenedictom9@seattletimes.com,Genderfluid,44.244.212.226
803,Geraldine,Firminger,gfirmingerma@ehow.com,Bigender,41.180.3.168
804,Nissa,Endrighi,nendrighimb@bravesites.com,Female,80.151.252.51
805,Clarine,Ewbach,cewbachmc@ucoz.com,Female,43.65.187.168
806,Andreana,Greenhalgh,agreenhalghmd@multiply.com,Genderqueer,53.244.56.102
807,Ester,Camell,ecamellme@loc.gov,Female,188.55.90.109
808,Kirbee,Parfitt,kparfittmf@apple.com,Female,236.18.193.25
809,Glyn,Leport,gleportmg@4shared.com,Male,74.89.26.159
810,Munmro,Franciotti,mfranciottimh@hhs.gov,Male,184.69.3.39
811,Eada,Chalcroft,echalcroftmi@ifeng.com,Female,84.239.224.68
812,Karola,Ferrarin,kferrarinmj@edublogs.org,Female,228.193.0.187
813,Booth,MacGiffin,bmacgiffinmk@narod.ru,Male,71.245.84.128
814,Francklin,Andrez,fandrezml@nih.gov,Male,227.101.240.221
815,Ariel,Juschka,ajuschkamm@jalbum.net,Male,98.77.224.55
816,Far,Brosch,fbroschmn@merriam-webster.com,Genderqueer,196.126.107.214
817,Thaddus,Stovin,tstovinmo@canalblog.com,Male,128.188.47.154
818,Ode,Kroon,okroonmp@earthlink.net,Male,179.77.42.238
819,Hakeem,Terbruggen,hterbruggenmq@discuz.net,Male,186.13.115.190
820,Kingsley,Sutherley,ksutherleymr@homestead.com,Male,246.3.213.218
821,Bert,Burney,bburneyms@ebay.co.uk,Male,141.176.204.129
822,Nadean,Georgiev,ngeorgievmt@dailymail.co.uk,Female,28.43.120.110
823,Rafaelita,Novkovic,rnovkovicmu@ebay.com,Female,219.6.192.221
824,Montague,Plampin,mplampinmv@google.cn,Male,170.127.69.227
825,Mae,Damerell,mdamerellmw@devhub.com,Female,230.99.172.53
826,Faulkner,Shute,fshutemx@shutterfly.com,Male,54.221.107.63
827,Kalil,Tuddall,ktuddallmy@admin.ch,Male,8.230.220.171
828,Uri,Loveman,ulovemanmz@disqus.com,Male,246.79.156.150
829,Hilde,Stabbins,hstabbinsn0@netlog.com,Female,29.164.83.236
830,Maximilian,Philipot,mphilipotn1@lulu.com,Male,197.46.99.229
831,Markus,Cuvley,mcuvleyn2@addthis.com,Male,195.244.36.160
832,Lauryn,Hay,lhayn3@miibeian.gov.cn,Female,207.106.59.220
833,Sophey,Pulsford,spulsfordn4@chronoengine.com,Agender,23.107.1.10
834,Olag,Schiersch,oschierschn5@phoca.cz,Male,152.154.8.94
835,Auberta,Duerdin,aduerdinn6@wordpress.org,Female,234.121.81.250
836,Bibby,Leathes,bleathesn7@house.gov,Female,149.86.201.148
837,Cathie,Sheffield,csheffieldn8@angelfire.com,Female,92.77.32.75
838,Onfroi,Heap,oheapn9@desdev.cn,Male,133.65.4.8
839,Channa,Mathevet,cmathevetna@bbb.org,Female,215.195.113.251
840,Ethelda,Easbie,eeasbienb@sogou.com,Female,74.155.243.210
841,Giacinta,Latimer,glatimernc@epa.gov,Female,34.154.127.89
842,Cynthea,Spatarul,cspatarulnd@ihg.com,Female,254.33.128.16
843,Carny,Curson,ccursonne@cbc.ca,Male,246.130.104.31
844,Michaella,Agates,magatesnf@so-net.ne.jp,Female,203.235.97.68
845,Mozes,Kender,mkenderng@yahoo.com,Male,12.233.165.1
846,Amy,Ackermann,aackermannnh@histats.com,Female,211.206.43.121
847,Porter,Sherlock,psherlockni@dmoz.org,Male,8.49.50.214
848,Bamby,Mahmood,bmahmoodnj@wsj.com,Female,102.247.222.102
849,Bastian,Hatt,bhattnk@sbwire.com,Male,26.221.11.22
850,Shepherd,Dederich,sdederichnl@google.com,Male,151.211.53.13
851,Giordano,Ivakhin,givakhinnm@ed.gov,Male,40.249.71.183
852,Wyn,Rablin,wrablinnn@washington.edu,Male,41.173.90.54
853,Bondon,Guiett,bguiettno@loc.gov,Male,174.163.131.253
854,Mose,Taveriner,mtaverinernp@tumblr.com,Male,255.0.81.85
855,Ilysa,Antonias,iantoniasnq@cargocollective.com,Female,73.125.114.33
856,Karlen,Aviss,kavissnr@shareasale.com,Female,57.219.42.235
857,Gerda,Onraet,gonraetns@utexas.edu,Female,225.201.225.192
858,Caril,Ewing,cewingnt@shutterfly.com,Non-binary,122.31.13.38
859,Zak,Oloshkin,zoloshkinnu@sun.com,Male,61.61.223.251
860,Jammal,Tommasetti,jtommasettinv@upenn.edu,Male,21.129.189.246
861,Fabio,Barden,fbardennw@patch.com,Male,252.129.37.244
862,Hermia,Bento,hbentonx@earthlink.net,Female,172.45.159.164
863,Kial,Ostler,kostlerny@aol.com,Female,68.144.53.103
864,Louella,Bissex,lbissexnz@yahoo.com,Female,105.69.72.119
865,Duffy,Barrable,dbarrableo0@g.co,Male,254.216.253.239
866,Zachary,Ruttgers,zruttgerso1@fotki.com,Male,250.39.243.55
867,Alexio,Sessuns,asessunso2@walmart.com,Male,228.195.169.24
868,Chen,Bortolazzi,cbortolazzio3@bbc.co.uk,Male,255.21.179.147
869,Aguste,Simcock,asimcocko4@oaic.gov.au,Male,1.150.212.17
870,Elton,Shaylor,eshayloro5@goo.gl,Male,173.10.215.114
871,Glyn,Traise,gtraiseo6@omniture.com,Female,63.8.93.50
872,Kelby,Guilloud,kguilloudo7@tinyurl.com,Male,79.41.154.109
873,Zeke,McCotter,zmccottero8@unicef.org,Male,35.154.201.185
874,Jessie,Emlin,jemlino9@google.com,Male,230.230.73.195
875,Elfie,Seeking,eseekingoa@ow.ly,Female,36.244.14.132
876,Freeland,Mapston,fmapstonob@economist.com,Male,101.64.216.171
877,Bale,Belchem,bbelchemoc@ustream.tv,Genderqueer,221.163.3.208
878,Pooh,Thomton,pthomtonod@clickbank.net,Male,59.140.255.25
879,Sutton,Kingswell,skingswelloe@acquirethisname.com,Male,6.33.34.50
880,Kariotta,Fishlock,kfishlockof@etsy.com,Female,32.18.70.112
881,Roseann,Froment,rfromentog@princeton.edu,Female,163.249.79.145
882,Claire,Camell,ccamelloh@com.com,Female,255.243.109.70
883,Ainslie,Latchmore,alatchmoreoi@timesonline.co.uk,Female,226.144.90.91
884,Bailey,Tallach,btallachoj@cnbc.com,Genderqueer,221.152.156.253
885,Christan,Calloway,ccallowayok@github.com,Female,42.195.255.42
886,Odelinda,Basill,obasillol@narod.ru,Female,2.237.178.224
887,Georgi,Freire,gfreireom@mysql.com,Male,32.230.188.69
888,Bastien,Sutherington,bsutheringtonon@independent.co.uk,Male,30.147.12.103
889,Demeter,Canape,dcanapeoo@globo.com,Female,86.81.177.35
890,Beret,Leedal,bleedalop@clickbank.net,Female,59.72.84.100
891,Jess,Demer,jdemeroq@howstuffworks.com,Female,215.103.163.105
892,Elnar,Pullinger,epullingeror@slashdot.org,Male,225.250.242.243
893,Freeland,Seedhouse,fseedhouseos@infoseek.co.jp,Male,36.15.209.58
894,Tabbie,Collicott,tcollicottot@gov.uk,Female,148.158.97.202
895,Kelsy,Elder,kelderou@ucoz.ru,Female,56.29.22.104
896,Deborah,Saffell,dsaffellov@slate.com,Female,225.126.175.204
897,Romeo,Pettigree,rpettigreeow@usatoday.com,Male,46.191.111.177
898,Neysa,Paulson,npaulsonox@columbia.edu,Female,141.23.236.241
899,Hayyim,Rudinger,hrudingeroy@globo.com,Male,79.214.201.226
900,Cleopatra,Trundle,ctrundleoz@parallels.com,Female,43.16.124.124
901,Charil,Clarage,cclaragep0@statcounter.com,Female,48.220.89.83
902,Aldus,Cloonan,acloonanp1@youtu.be,Male,184.138.76.18
903,Lamond,Bock,lbockp2@nytimes.com,Male,170.13.23.219
904,Jehanna,Keam,jkeamp3@chron.com,Female,166.239.85.161
905,Werner,Livesay,wlivesayp4@deliciousdays.com,Male,252.118.117.89
906,Rafe,Pepperell,rpepperellp5@theatlantic.com,Male,98.108.84.173
907,Rochelle,Clevely,rclevelyp6@shinystat.com,Female,158.157.180.163
908,Betteann,Axworthy,baxworthyp7@google.co.uk,Non-binary,187.203.113.119
909,Carver,Gooday,cgoodayp8@dropbox.com,Male,7.12.83.142
910,Brendis,Arnell,barnellp9@independent.co.uk,Male,78.78.30.55
911,Rochell,Slayton,rslaytonpa@addtoany.com,Female,15.176.159.56
912,Nichole,Arckoll,narckollpb@zdnet.com,Female,130.67.31.45
913,Brandtr,Pautard,bpautardpc@ycombinator.com,Male,190.175.45.148
914,Abbe,Scallan,ascallanpd@earthlink.net,Male,229.255.229.192
915,Elspeth,Driuzzi,edriuzzipe@blogspot.com,Female,143.219.124.49
916,Blinni,Smickle,bsmicklepf@exblog.jp,Female,112.185.212.101
917,Virgie,Pallatina,vpallatinapg@hexun.com,Male,54.246.184.171
918,Chastity,Bambridge,cbambridgeph@jugem.jp,Female,23.229.245.42
919,Holmes,Teaz,hteazpi@gnu.org,Male,88.37.63.127
920,Bradford,Ingray,bingraypj@ask.com,Male,185.60.25.228
921,Bayard,Peddar,bpeddarpk@sina.com.cn,Polygender,179.165.148.93
922,Engelbert,Joules,ejoulespl@home.pl,Non-binary,194.211.233.124
923,Elenore,Ferrieri,eferrieripm@wikispaces.com,Female,173.149.113.83
924,Sena,Lukasen,slukasenpn@sbwire.com,Female,11.202.245.213
925,Filberto,Vaz,fvazpo@guardian.co.uk,Male,136.0.164.52
926,Katherina,Colter,kcolterpp@microsoft.com,Female,52.127.242.48
927,Aharon,Balstone,abalstonepq@ovh.net,Male,160.84.91.253
928,Porter,Fedorchenko,pfedorchenkopr@netlog.com,Male,119.16.7.142
929,Marian,Ingree,mingreeps@engadget.com,Female,21.248.167.189
930,Lark,Rowbrey,lrowbreypt@reverbnation.com,Female,109.185.196.188
931,Annemarie,Chittem,achittempu@census.gov,Female,110.79.248.158
932,Micah,Walaron,mwalaronpv@trellian.com,Male,52.201.27.101
933,Ringo,Van den Velden,rvandenveldenpw@simplemachines.org,Male,225.29.170.141
934,Benetta,Bungey,bbungeypx@mtv.com,Female,227.100.208.74
935,Gibby,Stelfax,gstelfaxpy@npr.org,Agender,199.112.207.139
936,Stanwood,Bent,sbentpz@blogs.com,Male,10.112.31.12
937,Garfield,Rosenzwig,grosenzwigq0@drupal.org,Male,36.148.102.206
938,Ivan,Lermit,ilermitq1@sogou.com,Male,98.145.188.180
939,Dido,Southgate,dsouthgateq2@sakura.ne.jp,Female,34.93.56.45
940,Alexis,Horsefield,ahorsefieldq3@opensource.org,Female,97.242.146.69
941,Bax,Tripet,btripetq4@howstuffworks.com,Male,61.117.182.116
942,Jarib,Dinsdale,jdinsdaleq5@utexas.edu,Genderqueer,30.111.31.199
943,Melesa,Sproson,msprosonq6@vk.com,Female,83.233.99.20
944,Diane,Skoyles,dskoylesq7@ted.com,Genderqueer,61.57.26.52
945,Dolores,Darville,ddarvilleq8@dion.ne.jp,Female,169.148.87.159
946,Cassandre,Mutimer,cmutimerq9@about.me,Female,1.146.87.75
947,Otho,Jaslem,ojaslemqa@ask.com,Male,20.58.231.238
948,Boone,Shilburne,bshilburneqb@gnu.org,Male,143.223.170.191
949,Davita,Bucklee,dbuckleeqc@netvibes.com,Female,27.140.161.74
950,Eirena,Van T'Hoog,evanthoogqd@statcounter.com,Female,93.25.200.2
951,Gabie,Pulsford,gpulsfordqe@e-recht24.de,Female,115.25.72.38
952,Louie,Ludovici,lludoviciqf@usda.gov,Male,145.202.0.194
953,Josy,Ollerhad,jollerhadqg@nature.com,Female,117.6.83.146
954,Brittni,Puttan,bputtanqh@cpanel.net,Female,254.87.161.153
955,Terese,Voice,tvoiceqi@redcross.org,Female,173.139.150.181
956,Osmond,Sweetzer,osweetzerqj@google.com.br,Male,176.203.99.89
957,Oswald,Dady,odadyqk@clickbank.net,Male,198.1.121.112
958,Jenica,Aslen,jaslenql@dmoz.org,Genderfluid,67.183.164.143
959,Xenia,Le Fevre,xlefevreqm@hud.gov,Female,231.19.147.75
960,Hastie,Dukesbury,hdukesburyqn@about.com,Male,218.166.48.205
961,Gonzales,Ruse,gruseqo@mysql.com,Male,37.161.66.37
962,Lauritz,O'Hartigan,lohartiganqp@google.com.au,Male,219.80.142.95
963,Grazia,Roser,groserqq@youku.com,Female,61.162.249.142
964,Kay,Crutchley,kcrutchleyqr@tripod.com,Female,254.153.100.229
965,Janessa,Philson,jphilsonqs@sun.com,Agender,11.49.67.50
966,Jerrylee,Maddaford,jmaddafordqt@360.cn,Female,4.123.132.75
967,Selene,Hartop,shartopqu@twitter.com,Female,117.188.35.90
968,Hilary,Claye,hclayeqv@tripod.com,Male,162.220.33.188
969,Matthias,Dukesbury,mdukesburyqw@sphinn.com,Male,21.180.122.92
970,Samantha,Ioselev,sioselevqx@live.com,Female,48.155.193.33
971,Ase,Walrond,awalrondqy@washingtonpost.com,Male,65.0.23.221
972,Bogart,Linscott,blinscottqz@newyorker.com,Male,29.227.62.147
973,Pearla,Demicoli,pdemicolir0@mac.com,Female,249.112.214.176
974,Artur,Bilsland,abilslandr1@networkadvertising.org,Male,187.37.46.76
975,Cariotta,Bridgens,cbridgensr2@narod.ru,Female,82.70.250.63
976,Kordula,Tidmas,ktidmasr3@ovh.net,Female,227.150.231.68
977,Aurthur,Holborn,aholbornr4@posterous.com,Male,251.110.248.215
978,Fern,Scintsbury,fscintsburyr5@biglobe.ne.jp,Female,220.245.241.147
979,Gerard,Heed,gheedr6@pbs.org,Male,104.156.142.177
980,Bert,Jozwicki,bjozwickir7@aol.com,Male,31.0.225.9
981,Orelia,Palmer,opalmerr8@berkeley.edu,Female,129.41.196.68
982,Ilsa,Yurkiewicz,iyurkiewiczr9@g.co,Female,219.142.242.70
983,Bartholomeo,Badwick,bbadwickra@census.gov,Male,176.111.192.57
984,Halie,Peach,hpeachrb@telegraph.co.uk,Female,220.226.163.171
985,Toiboid,Palser,tpalserrc@seattletimes.com,Male,188.198.12.166
986,Filip,Florentine,fflorentinerd@feedburner.com,Male,42.212.236.203
987,Vitia,Rushbury,vrushburyre@chron.com,Female,72.192.4.13
988,Melessa,Mulholland,mmulhollandrf@zimbio.com,Polygender,156.144.166.91
989,Kennith,Bangle,kbanglerg@google.com,Male,206.91.100.78
990,Aube,Leidecker,aleideckerrh@wp.com,Male,136.219.136.144
991,Concordia,Peter,cpeterri@163.com,Genderqueer,18.113.51.212
992,Vaughn,Cockayne,vcockaynerj@wsj.com,Male,215.219.155.30
993,Haleigh,Cough,hcoughrk@desdev.cn,Male,34.15.167.88
994,Lela,Noraway,lnorawayrl@jimdo.com,Female,182.67.32.205
995,Nolan,Kilgour,nkilgourrm@arizona.edu,Male,85.51.22.237
996,Fernande,Cargo,fcargorn@usgs.gov,Female,221.51.21.13
997,Allissa,Campion,acampionro@printfriendly.com,Female,167.54.225.203
998,Rockwell,Friedank,rfriedankrp@drupal.org,Male,129.229.114.187
999,Bonny,Ligoe,bligoerq@meetup.com,Female,175.133.252.224
1000,Maritsa,Toynbee,mtoynbeerr@paginegialle.it,Female,114.198.178.141
